<ETHERNETKRL>
  <CONFIGURATION>
        <EXTERNAL>
          <IP>x.x.x.x</IP>
          <PORT>7000</PORT>
          <TYPE>Server</TYPE>
        </EXTERNAL>
        <INTERNAL>
          <BUFFERING Mode="FIFO" Limit="64"/>
          <ALIVE Set_Flag="997"/>
        </INTERNAL>
      </CONFIGURATION>
  <SEND>
    <XML>
      <ELEMENT Tag="req/node/rc_april_tag_detect" Type="STRING"/>
      <ELEMENT Tag="req/service/detect" Type="STRING"/>
      <ELEMENT Tag="req/args/pose_frame" Type="STRING"/>
      <ELEMENT Tag="req/args/robot_pose/@X" Type="REAL"/>
      <ELEMENT Tag="req/args/robot_pose/@Y" Type="REAL"/>
      <ELEMENT Tag="req/args/robot_pose/@Z" Type="REAL"/>
      <ELEMENT Tag="req/args/robot_pose/@A" Type="REAL"/>
      <ELEMENT Tag="req/args/robot_pose/@B" Type="REAL"/>
      <ELEMENT Tag="req/args/robot_pose/@C" Type="REAL"/>
      <ELEMENT Tag="req/args/tags/le/id" Type="STRING"/>
      <ELEMENT Tag="req/args/tags/le/size" Type="REAL"/>
      <ELEMENT Tag="req/end_of_request" Type="BOOL"/>
    </XML>
  </SEND>
  <RECEIVE>
    <XML>
      <ELEMENT Tag="res/return_code/@message" Type="STRING"/>
      <ELEMENT Tag="res/return_code/@value" Type="INT"/>
      <ELEMENT Tag="res/tags/le/id" Type="STRING"/>
      <ELEMENT Tag="res/tags/le/instance_id" Type="STRING"/>
      <ELEMENT Tag="res/tags/le/pose/@X" Type="REAL"/>
      <ELEMENT Tag="res/tags/le/pose/@Y" Type="REAL"/>
      <ELEMENT Tag="res/tags/le/pose/@Z" Type="REAL"/>
      <ELEMENT Tag="res/tags/le/pose/@A" Type="REAL"/>
      <ELEMENT Tag="res/tags/le/pose/@B" Type="REAL"/>
      <ELEMENT Tag="res/tags/le/pose/@C" Type="REAL"/>
      <ELEMENT Tag="res/tags/le/pose_frame" Type="STRING"/>
      <ELEMENT Tag="res/tags/le/size" Type="REAL"/>
      <ELEMENT Tag="res/tags/le/timestamp/@nsec" Type="INT"/>
      <ELEMENT Tag="res/tags/le/timestamp/@sec" Type="INT"/>
      <ELEMENT Tag="res/timestamp/@nsec" Type="INT"/>
      <ELEMENT Tag="res/timestamp/@sec" Type="INT"/>
      <ELEMENT Tag="res" Set_Flag="998"/>
    </XML>
  </RECEIVE>
</ETHERNETKRL>
