<ETHERNETKRL>
  <CONFIGURATION>
        <EXTERNAL>
          <IP>x.x.x.x</IP>
          <PORT>7000</PORT>
          <TYPE>Server</TYPE>
        </EXTERNAL>
        <INTERNAL>
          <BUFFERING Mode="FIFO" Limit="1"/>
          <ALIVE Set_Flag="997"/>
        </INTERNAL>
      </CONFIGURATION>
  <SEND>
    <XML>
      <ELEMENT Tag="req/node/rc_cadmatch" Type="STRING"/>
      <ELEMENT Tag="req/parameters/check_collisions_with_matches/@value" Type="BOOL"/>
      <ELEMENT Tag="req/parameters/edge_max_distance/@value" Type="REAL"/>
      <ELEMENT Tag="req/parameters/edge_sensitivity/@value" Type="REAL"/>
      <ELEMENT Tag="req/parameters/grasp_filter_orientation_threshold/@value" Type="REAL"/>
      <ELEMENT Tag="req/parameters/load_carrier_crop_distance/@value" Type="REAL"/>
      <ELEMENT Tag="req/parameters/load_carrier_model_tolerance/@value" Type="REAL"/>
      <ELEMENT Tag="req/parameters/max_matches/@value" Type="INT"/>
      <ELEMENT Tag="req/parameters/min_score/@value" Type="REAL"/>
      <ELEMENT Tag="req/end_of_request" Type="BOOL"/>
    </XML>
  </SEND>
  <RECEIVE>
    <XML>
      <ELEMENT Tag="res/parameters/check_collisions_with_matches/@value" Type="BOOL"/>
      <ELEMENT Tag="res/parameters/check_collisions_with_matches/@default" Type="BOOL"/>
      <ELEMENT Tag="res/parameters/check_collisions_with_matches/@min" Type="BOOL"/>
      <ELEMENT Tag="res/parameters/check_collisions_with_matches/@max" Type="BOOL"/>
      <ELEMENT Tag="res/parameters/edge_max_distance/@value" Type="REAL"/>
      <ELEMENT Tag="res/parameters/edge_max_distance/@default" Type="REAL"/>
      <ELEMENT Tag="res/parameters/edge_max_distance/@min" Type="REAL"/>
      <ELEMENT Tag="res/parameters/edge_max_distance/@max" Type="REAL"/>
      <ELEMENT Tag="res/parameters/edge_sensitivity/@value" Type="REAL"/>
      <ELEMENT Tag="res/parameters/edge_sensitivity/@default" Type="REAL"/>
      <ELEMENT Tag="res/parameters/edge_sensitivity/@min" Type="REAL"/>
      <ELEMENT Tag="res/parameters/edge_sensitivity/@max" Type="REAL"/>
      <ELEMENT Tag="res/parameters/grasp_filter_orientation_threshold/@value" Type="REAL"/>
      <ELEMENT Tag="res/parameters/grasp_filter_orientation_threshold/@default" Type="REAL"/>
      <ELEMENT Tag="res/parameters/grasp_filter_orientation_threshold/@min" Type="REAL"/>
      <ELEMENT Tag="res/parameters/grasp_filter_orientation_threshold/@max" Type="REAL"/>
      <ELEMENT Tag="res/parameters/load_carrier_crop_distance/@value" Type="REAL"/>
      <ELEMENT Tag="res/parameters/load_carrier_crop_distance/@default" Type="REAL"/>
      <ELEMENT Tag="res/parameters/load_carrier_crop_distance/@min" Type="REAL"/>
      <ELEMENT Tag="res/parameters/load_carrier_crop_distance/@max" Type="REAL"/>
      <ELEMENT Tag="res/parameters/load_carrier_model_tolerance/@value" Type="REAL"/>
      <ELEMENT Tag="res/parameters/load_carrier_model_tolerance/@default" Type="REAL"/>
      <ELEMENT Tag="res/parameters/load_carrier_model_tolerance/@min" Type="REAL"/>
      <ELEMENT Tag="res/parameters/load_carrier_model_tolerance/@max" Type="REAL"/>
      <ELEMENT Tag="res/parameters/max_matches/@value" Type="INT"/>
      <ELEMENT Tag="res/parameters/max_matches/@default" Type="INT"/>
      <ELEMENT Tag="res/parameters/max_matches/@min" Type="INT"/>
      <ELEMENT Tag="res/parameters/max_matches/@max" Type="INT"/>
      <ELEMENT Tag="res/parameters/min_score/@value" Type="REAL"/>
      <ELEMENT Tag="res/parameters/min_score/@default" Type="REAL"/>
      <ELEMENT Tag="res/parameters/min_score/@min" Type="REAL"/>
      <ELEMENT Tag="res/parameters/min_score/@max" Type="REAL"/>
      <ELEMENT Tag="res/return_code/@value" Type="INT"/>
      <ELEMENT Tag="res/return_code/@message" Type="STRING"/>
      <ELEMENT Tag="res" Set_Flag="998"/>
    </XML>
  </RECEIVE>
</ETHERNETKRL>
