<ETHERNETKRL>
  <CONFIGURATION>
        <EXTERNAL>
          <IP>x.x.x.x</IP>
          <PORT>7000</PORT>
          <TYPE>Server</TYPE>
        </EXTERNAL>
        <INTERNAL>
          <BUFFERING Mode="FIFO" Limit="32"/>
          <ALIVE Set_Flag="997"/>
        </INTERNAL>
      </CONFIGURATION>
  <SEND>
    <XML>
      <ELEMENT Tag="req/node/rc_hand_eye_calibration" Type="STRING"/>
      <ELEMENT Tag="req/service/get_poses" Type="STRING"/>
      <ELEMENT Tag="req/end_of_request" Type="BOOL"/>
    </XML>
  </SEND>
  <RECEIVE>
    <XML>
      <ELEMENT Tag="res/message" Type="STRING"/>
      <ELEMENT Tag="res/poses/le/pose/@X" Type="REAL"/>
      <ELEMENT Tag="res/poses/le/pose/@Y" Type="REAL"/>
      <ELEMENT Tag="res/poses/le/pose/@Z" Type="REAL"/>
      <ELEMENT Tag="res/poses/le/pose/@A" Type="REAL"/>
      <ELEMENT Tag="res/poses/le/pose/@B" Type="REAL"/>
      <ELEMENT Tag="res/poses/le/pose/@C" Type="REAL"/>
      <ELEMENT Tag="res/poses/le/slot" Type="INT"/>
      <ELEMENT Tag="res/return_code/@message" Type="STRING"/>
      <ELEMENT Tag="res/return_code/@value" Type="INT"/>
      <ELEMENT Tag="res/status" Type="INT"/>
      <ELEMENT Tag="res/success" Type="BOOL"/>
      <ELEMENT Tag="res" Set_Flag="998"/>
    </XML>
  </RECEIVE>
</ETHERNETKRL>
