<ETHERNETKRL>
  <CONFIGURATION>
        <EXTERNAL>
          <IP>x.x.x.x</IP>
          <PORT>7000</PORT>
          <TYPE>Server</TYPE>
        </EXTERNAL>
        <INTERNAL>
          <BUFFERING Mode="FIFO" Limit="1"/>
          <ALIVE Set_Flag="997"/>
        </INTERNAL>
      </CONFIGURATION>
  <SEND>
    <XML>
      <ELEMENT Tag="req/node/rc_camera_tl" Type="STRING"/>
      <ELEMENT Tag="req/parameters/device/@value" Type="STRING"/>
      <ELEMENT Tag="req/end_of_request" Type="BOOL"/>
    </XML>
  </SEND>
  <RECEIVE>
    <XML>
      <ELEMENT Tag="res/parameters/device/@value" Type="STRING"/>
      <ELEMENT Tag="res/parameters/device/@default" Type="STRING"/>
      <ELEMENT Tag="res/parameters/device/@min" Type="STRING"/>
      <ELEMENT Tag="res/parameters/device/@max" Type="STRING"/>
      <ELEMENT Tag="res/return_code/@value" Type="INT"/>
      <ELEMENT Tag="res/return_code/@message" Type="STRING"/>
      <ELEMENT Tag="res" Set_Flag="998"/>
    </XML>
  </RECEIVE>
</ETHERNETKRL>
