<ETHERNETKRL>
  <CONFIGURATION>
        <EXTERNAL>
          <IP>x.x.x.x</IP>
          <PORT>7000</PORT>
          <TYPE>Server</TYPE>
        </EXTERNAL>
        <INTERNAL>
          <BUFFERING Mode="FIFO" Limit="32"/>
          <ALIVE Set_Flag="997"/>
        </INTERNAL>
      </CONFIGURATION>
  <SEND>
    <XML>
      <ELEMENT Tag="req/node/rc_camera_tl" Type="STRING"/>
      <ELEMENT Tag="req/service/get_devices" Type="STRING"/>
      <ELEMENT Tag="req/end_of_request" Type="BOOL"/>
    </XML>
  </SEND>
  <RECEIVE>
    <XML>
      <ELEMENT Tag="res/devices/le/busy" Type="BOOL"/>
      <ELEMENT Tag="res/devices/le/interface" Type="STRING"/>
      <ELEMENT Tag="res/devices/le/model" Type="STRING"/>
      <ELEMENT Tag="res/devices/le/serial_number" Type="STRING"/>
      <ELEMENT Tag="res/devices/le/user_defined_name" Type="STRING"/>
      <ELEMENT Tag="res/devices/le/vendor" Type="STRING"/>
      <ELEMENT Tag="res/return_code/@message" Type="STRING"/>
      <ELEMENT Tag="res/return_code/@value" Type="INT"/>
      <ELEMENT Tag="res" Set_Flag="998"/>
    </XML>
  </RECEIVE>
</ETHERNETKRL>
