<ETHERNETKRL>
  <CONFIGURATION>
        <EXTERNAL>
          <IP>x.x.x.x</IP>
          <PORT>7000</PORT>
          <TYPE>Server</TYPE>
        </EXTERNAL>
        <INTERNAL>
          <BUFFERING Mode="FIFO" Limit="32"/>
          <ALIVE Set_Flag="997"/>
        </INTERNAL>
      </CONFIGURATION>
  <SEND>
    <XML>
      <ELEMENT Tag="req/node/rc_collision_check" Type="STRING"/>
      <ELEMENT Tag="req/service/get_grippers_schmalz_vac" Type="STRING"/>
      <ELEMENT Tag="req/args/gripper_ids/le" Type="STRING"/>
      <ELEMENT Tag="req/end_of_request" Type="BOOL"/>
    </XML>
  </SEND>
  <RECEIVE>
    <XML>
      <ELEMENT Tag="res/grippers/le/cog/@x" Type="REAL"/>
      <ELEMENT Tag="res/grippers/le/cog/@y" Type="REAL"/>
      <ELEMENT Tag="res/grippers/le/cog/@z" Type="REAL"/>
      <ELEMENT Tag="res/grippers/le/custom_extension/@type" Type="STRING"/>
      <ELEMENT Tag="res/grippers/le/custom_extension/box/@x" Type="REAL"/>
      <ELEMENT Tag="res/grippers/le/custom_extension/box/@y" Type="REAL"/>
      <ELEMENT Tag="res/grippers/le/custom_extension/box/@z" Type="REAL"/>
      <ELEMENT Tag="res/grippers/le/custom_extension/cylinder/@height" Type="REAL"/>
      <ELEMENT Tag="res/grippers/le/custom_extension/cylinder/@radius" Type="REAL"/>
      <ELEMENT Tag="res/grippers/le/custom_suction_cup/@type" Type="STRING"/>
      <ELEMENT Tag="res/grippers/le/custom_suction_cup/box/@x" Type="REAL"/>
      <ELEMENT Tag="res/grippers/le/custom_suction_cup/box/@y" Type="REAL"/>
      <ELEMENT Tag="res/grippers/le/custom_suction_cup/box/@z" Type="REAL"/>
      <ELEMENT Tag="res/grippers/le/custom_suction_cup/cylinder/@height" Type="REAL"/>
      <ELEMENT Tag="res/grippers/le/custom_suction_cup/cylinder/@radius" Type="REAL"/>
      <ELEMENT Tag="res/grippers/le/custom_vacuum_generator/@type" Type="STRING"/>
      <ELEMENT Tag="res/grippers/le/custom_vacuum_generator/box/@x" Type="REAL"/>
      <ELEMENT Tag="res/grippers/le/custom_vacuum_generator/box/@y" Type="REAL"/>
      <ELEMENT Tag="res/grippers/le/custom_vacuum_generator/box/@z" Type="REAL"/>
      <ELEMENT Tag="res/grippers/le/custom_vacuum_generator/cylinder/@height" Type="REAL"/>
      <ELEMENT Tag="res/grippers/le/custom_vacuum_generator/cylinder/@radius" Type="REAL"/>
      <ELEMENT Tag="res/grippers/le/extension" Type="STRING"/>
      <ELEMENT Tag="res/grippers/le/flange_radius" Type="REAL"/>
      <ELEMENT Tag="res/grippers/le/id" Type="STRING"/>
      <ELEMENT Tag="res/grippers/le/payload" Type="REAL"/>
      <ELEMENT Tag="res/grippers/le/projector" Type="STRING"/>
      <ELEMENT Tag="res/grippers/le/sensor_mounting" Type="STRING"/>
      <ELEMENT Tag="res/grippers/le/suction_cup" Type="STRING"/>
      <ELEMENT Tag="res/grippers/le/tcp_offset_z" Type="REAL"/>
      <ELEMENT Tag="res/grippers/le/tcp_pose_flange/@X" Type="REAL"/>
      <ELEMENT Tag="res/grippers/le/tcp_pose_flange/@Y" Type="REAL"/>
      <ELEMENT Tag="res/grippers/le/tcp_pose_flange/@Z" Type="REAL"/>
      <ELEMENT Tag="res/grippers/le/tcp_pose_flange/@A" Type="REAL"/>
      <ELEMENT Tag="res/grippers/le/tcp_pose_flange/@B" Type="REAL"/>
      <ELEMENT Tag="res/grippers/le/tcp_pose_flange/@C" Type="REAL"/>
      <ELEMENT Tag="res/grippers/le/vacuum_generator" Type="STRING"/>
      <ELEMENT Tag="res/return_code/@message" Type="STRING"/>
      <ELEMENT Tag="res/return_code/@value" Type="INT"/>
      <ELEMENT Tag="res" Set_Flag="998"/>
    </XML>
  </RECEIVE>
</ETHERNETKRL>
