<ETHERNETKRL>
  <CONFIGURATION>
        <EXTERNAL>
          <IP>x.x.x.x</IP>
          <PORT>7000</PORT>
          <TYPE>Server</TYPE>
        </EXTERNAL>
        <INTERNAL>
          <BUFFERING Mode="FIFO" Limit="32"/>
          <ALIVE Set_Flag="997"/>
        </INTERNAL>
      </CONFIGURATION>
  <SEND>
    <XML>
      <ELEMENT Tag="req/node/rc_cadmatch" Type="STRING"/>
      <ELEMENT Tag="req/service/get_preferred_orientation" Type="STRING"/>
      <ELEMENT Tag="req/end_of_request" Type="BOOL"/>
    </XML>
  </SEND>
  <RECEIVE>
    <XML>
      <ELEMENT Tag="res/orientation/@w" Type="REAL"/>
      <ELEMENT Tag="res/orientation/@x" Type="REAL"/>
      <ELEMENT Tag="res/orientation/@y" Type="REAL"/>
      <ELEMENT Tag="res/orientation/@z" Type="REAL"/>
      <ELEMENT Tag="res/pose_frame" Type="STRING"/>
      <ELEMENT Tag="res/return_code/@message" Type="STRING"/>
      <ELEMENT Tag="res/return_code/@value" Type="INT"/>
      <ELEMENT Tag="res" Set_Flag="998"/>
    </XML>
  </RECEIVE>
</ETHERNETKRL>
